<?xml version="1.0" encoding="UTF-8"?>
<project xmlns="http://maven.apache.org/POM/4.0.0" xmlns:xsi="http://www.w3.org/2001/XMLSchema-instance" xsi:schemaLocation="http://maven.apache.org/POM/4.0.0 http://maven.apache.org/maven-v4_0_0.xsd">
  <modelVersion>4.0.0</modelVersion>
  <groupId>com.iota</groupId>
  <artifactId>iri</artifactId>
  <name>IRI</name>
  <version>1.4.1.6</version>
  <description>IOTA Reference Implementation</description>
  <scm>
    <connection>scm:git:git://github.com/iotaledger/iri.git</connection>
    <developerConnection>scm:git:git@github.com/iotaledger/iri.git</developerConnection>
    <url>https://github.com/iotaledger/iri/</url>
  </scm>
  <build>
    <plugins>
      <plugin>
        <artifactId>maven-compiler-plugin</artifactId>
        <version>3.3</version>
        <configuration>
          <source>${java-version}</source>
          <target>${java-version}</target>
          <testSource>${java-version}</testSource>
          <testTarget>${java-version}</testTarget>
        </configuration>
      </plugin>
      <plugin>
        <artifactId>maven-shade-plugin</artifactId>
        <version>2.4.3</version>
        <executions>
          <execution>
            <phase>package</phase>
            <goals>
              <goal>shade</goal>
            </goals>
            <configuration>
              <finalName>iri-${project.version}</finalName>
              <outputDirectory>${project.basedir}/target</outputDirectory>
              <mainClass>com.iota.iri.IRI</mainClass>
              <transformers>
                <transformer>
                  <mainClass>com.iota.iri.IRI</mainClass>
                </transformer>
              </transformers>
              <filters>
                <filter>
                  <artifact>*:*</artifact>
                  <excludes>
                    <exclude>META-INF/*.SF</exclude>
                    <exclude>META-INF/*.DSA</exclude>
                    <exclude>META-INF/*.RSA</exclude>
                  </excludes>
                </filter>
              </filters>
            </configuration>
          </execution>
        </executions>
      </plugin>
      <plugin>
        <artifactId>maven-enforcer-plugin</artifactId>
        <version>1.4</version>
        <executions>
          <execution>
            <id>enforce</id>
            <phase>package</phase>
            <goals>
              <goal>enforce</goal>
            </goals>
            <configuration>
              <rules>
                <digestRule>
                  <buildSnapshot>true</buildSnapshot>
                  <urns>
                    <urn>org.apache.commons:commons-lang3:3.5:jar:null:compile:6c6c702c89bfff3cd9e80b04d668c5e190d588c6</urn>
                    <urn>org.slf4j:slf4j-api:1.7.25:jar:null:compile:da76ca59f6a57ee3102f8f9bd9cee742973efa8a</urn>
                    <urn>ch.qos.logback:logback-classic:1.2.3:jar:null:compile:7c4f3c474fb2c041d8028740440937705ebb473a</urn>
                    <urn>commons-io:commons-io:2.5:jar:null:compile:2852e6e05fbb95076fc091f6d1780f1f8fe35e0f</urn>
                    <urn>org.rocksdb:rocksdbjni:5.7.3:jar:null:compile:421b44ad957a2b6cce5adedc204db551831b553d</urn>
                    <urn>com.google.code.gson:gson:2.8.1:jar:null:compile:02a8e0aa38a2e21cb39e2f5a7d6704cbdc941da0</urn>
                    <urn>io.undertow:undertow-core:${undertow.version}:jar:null:compile:e5764e5017bfe8c2dd421dc80035e5165501bfda</urn>
                    <urn>io.undertow:undertow-servlet:${undertow.version}:jar:null:compile:0e2850a558e70a2d72d9a3e782c7b6fde2d9f1c7</urn>
                    <urn>io.undertow:undertow-websockets-jsr:${undertow.version}:jar:null:compile:a76941dade81de7847520755c2efc7fab67043cb</urn>
                    <urn>com.jayway.restassured:rest-assured:2.9.0:jar:null:test:d0d5b6720a58472ab99287c931a8205373d6e7b2</urn>
                    <urn>com.jayway.jsonpath:json-path:2.2.0:jar:null:test:22290d17944bd239fabf5ac69005a60a7ecbbbcb</urn>
                    <urn>junit:junit:4.12:jar:null:test:2973d150c0dc1fefe998f834810d68f278ea58ec</urn>
                    <urn>org.ini4j:ini4j:0.5.4:jar:null:compile:4a3ee4146a90c619b20977d65951825f5675b560</urn>
                    <urn>org.bouncycastle:bcprov-jdk15on:1.58:jar:null:compile:2c9aa1c4e3372b447ba5daabade4adf2a2264b12</urn>
                    <urn>uk.co.froot.maven.enforcer:digest-enforcer-rules:0.0.1:jar:null:runtime:16a9e04f3fe4bb143c42782d07d5faf65b32106f</urn>
                  </urns>
                </digestRule>
              </rules>
            </configuration>
          </execution>
        </executions>
        <dependencies>
          <dependency>
            <groupId>uk.co.froot.maven.enforcer</groupId>
            <artifactId>digest-enforcer-rules</artifactId>
            <version>0.0.1</version>
          </dependency>
        </dependencies>
      </plugin>
    </plugins>
  </build>
  <profiles>
    <profile>
      <id>build-extras</id>
      <build>
        <plugins>
          <plugin>
            <artifactId>maven-source-plugin</artifactId>
            <executions>
              <execution>
                <id>attach-sources</id>
                <goals>
                  <goal>jar</goal>
                </goals>
              </execution>
            </executions>
          </plugin>
          <plugin>
            <artifactId>maven-javadoc-plugin</artifactId>
            <version>2.10.4</version>
            <executions>
              <execution>
                <id>attach-javadocs</id>
                <goals>
                  <goal>jar</goal>
                </goals>
              </execution>
            </executions>
            <configuration>
              <show>private</show>
              <nohelp>true</nohelp>
            </configuration>
          </plugin>
          <plugin>
            <artifactId>maven-gpg-plugin</artifactId>
            <version>1.6</version>
            <executions>
              <execution>
                <id>sign-artifacts</id>
                <phase>package</phase>
                <goals>
                  <goal>sign</goal>
                </goals>
              </execution>
            </executions>
          </plugin>
          <plugin>
            <groupId>org.vafer</groupId>
            <artifactId>jdeb</artifactId>
            <version>1.5</version>
            <executions>
              <execution>
                <phase>package</phase>
                <goals>
                  <goal>jdeb</goal>
                </goals>
                <configuration>
                  <verbose>true</verbose>
                  <snapshotExpand>true</snapshotExpand>
                  <snapshotEnv>USER</snapshotEnv>
                  <verbose>true</verbose>
                  <controlDir>${basedir}/src/deb/control</controlDir>
                  <dataSet>
                    <data>
                      <src>${project.build.directory}/${project.build.finalName}.jar</src>
                      <type>file</type>
                      <mapper>
                        <type>perm</type>
                        <prefix>/usr/share/iota/lib</prefix>
                        <user>loader</user>
                        <group>loader</group>
                      </mapper>
                    </data>
                    <data>
                      <type>link</type>
                      <symlink>true</symlink>
                      <linkName>/usr/share/iota/iri.jar</linkName>
                      <linkTarget>/usr/share/iota/lib/${project.build.finalName}.jar</linkTarget>
                    </data>
                    <data>
                      <src>${basedir}/src/deb/init.d</src>
                      <type>directory</type>
                      <mapper>
                        <type>perm</type>
                        <prefix>/etc/init.d</prefix>
                        <user>loader</user>
                        <group>loader</group>
                      </mapper>
                    </data>
                    <data>
                      <type>template</type>
                      <paths>
                        <path>etc/${project.artifactId}</path>
                        <path>var/lib/${project.artifactId}</path>
                        <path>var/log/${project.artifactId}</path>
                        <path>var/run/${project.artifactId}</path>
                      </paths>
                      <mapper>
                        <type>perm</type>
                        <user>loader</user>
                        <group>loader</group>
                      </mapper>
                    </data>
                  </dataSet>
                </configuration>
              </execution>
            </executions>
          </plugin>
        </plugins>
      </build>
      <properties>
        <gpg.keyname>${env.GPG_KEYNAME}</gpg.keyname>
        <gpg.passphrase>${env.GPG_PASSPHRASE}</gpg.passphrase>
      </properties>
    </profile>
  </profiles>
  <repositories>
    <repository>
      <releases />
      <snapshots />
      <id>sonatype-oss-public</id>
      <url>https://oss.sonatype.org/content/groups/public/</url>
    </repository>
  </repositories>
  <dependencies>
    <dependency>
      <groupId>com.jayway.restassured</groupId>
      <artifactId>rest-assured</artifactId>
      <version>2.9.0</version>
      <scope>test</scope>
      <exclusions>
        <exclusion>
          <artifactId>groovy</artifactId>
          <groupId>org.codehaus.groovy</groupId>
        </exclusion>
        <exclusion>
          <artifactId>groovy-xml</artifactId>
          <groupId>org.codehaus.groovy</groupId>
        </exclusion>
        <exclusion>
          <artifactId>httpclient</artifactId>
          <groupId>org.apache.httpcomponents</groupId>
        </exclusion>
        <exclusion>
          <artifactId>httpmime</artifactId>
          <groupId>org.apache.httpcomponents</groupId>
        </exclusion>
        <exclusion>
          <artifactId>hamcrest-core</artifactId>
          <groupId>org.hamcrest</groupId>
        </exclusion>
        <exclusion>
          <artifactId>hamcrest-library</artifactId>
          <groupId>org.hamcrest</groupId>
        </exclusion>
        <exclusion>
          <artifactId>tagsoup</artifactId>
          <groupId>org.ccil.cowan.tagsoup</groupId>
        </exclusion>
        <exclusion>
          <artifactId>json-path</artifactId>
          <groupId>com.jayway.restassured</groupId>
        </exclusion>
        <exclusion>
          <artifactId>xml-path</artifactId>
          <groupId>com.jayway.restassured</groupId>
        </exclusion>
      </exclusions>
    </dependency>
    <dependency>
      <groupId>com.jayway.jsonpath</groupId>
      <artifactId>json-path</artifactId>
      <version>2.2.0</version>
      <scope>test</scope>
      <exclusions>
        <exclusion>
          <artifactId>json-smart</artifactId>
          <groupId>net.minidev</groupId>
        </exclusion>
      </exclusions>
    </dependency>
    <dependency>
      <groupId>junit</groupId>
      <artifactId>junit</artifactId>
      <version>4.12</version>
      <scope>test</scope>
      <exclusions>
        <exclusion>
          <artifactId>hamcrest-core</artifactId>
          <groupId>org.hamcrest</groupId>
        </exclusion>
      </exclusions>
    </dependency>
  </dependencies>
  <reporting>
    <plugins>
      <plugin>
        <artifactId>maven-checkstyle-plugin</artifactId>
        <version>2.17</version>
        <reportSets>
          <reportSet>
            <reports>
              <report>checkstyle</report>
            </reports>
          </reportSet>
        </reportSets>
      </plugin>
    </plugins>
  </reporting>
  <properties>
    <undertow.version>1.4.6.Final</undertow.version>
    <java-version>1.8</java-version>
    <project.build.sourceEncoding>UTF-8</project.build.sourceEncoding>
  </properties>
</project>

