<?xml version="1.0" encoding="UTF-8"?>
<configuration scan="true" scanPeriod="30 minutes" packagingData="true">

	<!-- Appenders -->
	<appender name="STDOUT" class="ch.qos.logback.core.ConsoleAppender">
		<layout class="ch.qos.logback.classic.PatternLayout">
			<Pattern>
				%d{yyyy-MM-dd HH:mm:ss} [%thread] %-5level %logger{36} - %msg%n
			</Pattern>
		</layout>
	</appender>

	<logger name="com" level="DEBUG" additivity="false">
		<appender-ref ref="STDOUT" />
	</logger>

	<root level="INFO">
		<appender-ref ref="STDOUT" />
	</root>
</configuration>
